libmagic.so.1.0.0,libc-2.27.so,libz.so.1.2.11
524,677,542
524,677,542
524,677,542
524,677,542
524,677,542
524,677,542
524,677,542
524,677,542
524,677,542
524,677,542
524,677,542
524,677,542
524,677,542
524,677,542
524,677,542
524,677,542
524,677,542
524,677,542
524,677,542
524,677,542
524,677,542
524,677,542
524,677,542
524,677,542
524,677,542
524,677,542
524,677,542
524,677,542
524,677,542
524,677,542
524,677,542
524,677,542
524,677,542
524,677,542
524,677,542
524,677,542
524,677,542
524,677,542
524,677,542
524,677,542
524,677,542
524,677,542
524,677,542
524,677,542
524,677,542
524,677,542
524,677,542
524,677,542
524,677,542
524,677,542
524,677,542
524,677,542
524,677,542
524,677,542
524,677,542
524,677,542
524,677,542
524,677,542
524,677,542
524,677,542
524,677,542
524,677,542
524,677,542
524,677,542
524,677,542
