libbfd-2.30-system.so,libc-2.27.so,libz.so.1.2.11,libdl-2.27.so
661,677,542,516
661,677,542,516
661,677,542,516
661,677,542,516
661,677,542,516
661,677,542,516
661,677,542,516
661,677,542,516
661,677,542,516
661,677,542,516
661,677,542,516
661,677,542,516
661,677,542,516
661,677,542,516
661,677,542,516
661,677,542,516
661,677,542,516
661,677,542,516
661,677,542,516
661,677,542,516
661,677,542,516
661,677,542,516
661,677,542,516
661,677,542,516
661,677,542,516
661,677,542,516
661,677,542,516
661,677,542,516
661,677,542,516
661,677,542,516
661,677,542,516
661,677,542,516
661,677,542,516
661,677,542,516
661,677,542,516
661,677,542,516
661,677,542,516
661,677,542,516
661,677,542,516
661,677,542,516
661,677,542,516
661,677,542,516
661,677,542,516
661,677,542,516
661,677,542,516
661,677,542,516
661,677,542,516
661,677,542,516
661,677,542,516
661,676,542,516
661,676,542,516
661,676,542,516
661,676,542,516
661,676,542,516
661,676,542,516
661,676,542,516
661,676,542,516
661,676,542,516
661,676,542,516
661,676,542,516
661,676,542,516
661,676,542,516
661,676,542,516
661,676,542,516
661,676,542,516
661,676,542,516
661,676,542,516
661,676,542,516
661,676,542,516
661,676,542,516
661,676,542,516
661,676,542,516
661,676,542,516
661,676,542,516
661,676,542,516
661,676,542,516
661,676,542,516
661,676,542,516
661,676,542,516
661,676,542,516
661,676,542,516
661,676,542,516
661,676,542,516
661,676,542,516
661,676,542,516
661,676,542,516
661,676,542,516
661,676,542,516
661,676,542,516
661,676,542,516
661,676,542,516
661,676.5384615,542,516
