libopcodes-2.30-system.so,libbfd-2.30-system.so,libc-2.27.so,libz.so.1.2.11,libdl-2.27.so
937,661,677,542,516
937,661,677,542,516
937,661,677,542,516
937,661,677,542,516
937,661,677,542,516
937,661,677,542,516
937,661,677,542,516
937,661,677,542,516
937,661,677,542,516
937,661,677,542,516
937,661,677,542,516
937,661,677,542,516
937,661,677,542,516
937,661,677,542,516
937,661,677,542,516
937,661,677,542,516
937,661,677,542,516
937,661,677,542,516
937,661,677,542,516
937,661,677,542,516
937,661,677,542,516
937,661,677,542,516
937,661,677,542,516
937,661,677,542,516
937,661,677,542,516
937,661,677,542,516
937,661,677,542,516
937,661,677,542,516
937,661,677,542,516
937,661,677,542,516
937,661,677,542,516
937,661,677,542,516
937,661,677,542,516
937,661,677,542,516
937,661,677,542,516
937,661,677,542,516
937,661,677,542,516
937,661,677,542,516
937,661,677,542,516
937,661,677,542,516
937,661,677,542,516
937,661,677,542,516
937,661,677,542,516
937,661,677,542,516
937,661,677,542,516
937,661,677,542,516
937,661,677,542,516
937,661,677,542,516
937,661,677,542,516
937,661,677,542,516
937,661,677,542,516
937,661,677,542,516
937,661,677,542,516
937,661,677,542,516
937,661,677,542,516
937,661,677,542,516
937,661,677,542,516
937,661,677,542,516
937,661,677,542,516
937,661,677,542,516
937,661,677,542,516
937,661,677,542,516
937,661,677,542,516
937,661,677,542,516
937,661,677,542,516
937,661,677,542,516
937,661,677,542,516
937,661,677,542,516
937,661,677,542,516
937,661,677,542,516
937,661,677,542,516
936,661,677,542,516
936,661,677,542,516
936,661,677,542,516
936,661,677,542,516
936,661,677,542,516
936,661,677,542,516
936,661,677,542,516
936,661,677,542,516
936,661,677,542,516
936,661,677,542,516
936,661,677,542,516
936,661,677,542,516
936,661,677,542,516
936,661,677,542,516
936,661,677,542,516
936,661,677,542,516
936,661,677,542,516
936,661,677,542,516
936.7977528,661,677,542,516
